Robot,Fish,Desired,Distances
"0.16639184951782227,0.05807926829268294,0.012777439024390245,-0.2449786631268641","0.16639184951782227,0.4720397579948142,0.3591063829787234,0","0.16639184951782227,0.058319592475891115,0.08,0.0",0.5397286581745979
"0.6371877193450928,0.05807926829268294,0.012390243902439025,-0.2186689458739419","0.6371877193450928,0.4720397579948142,0.3591063829787234,0","0.6371877193450928,0.081735426902771,0.08,0.0",0.5399771922316661
"0.9488329887390137,0.05769207317073172,0.012777439024390245,-0.2516899717581867","0.9488329887390137,0.4711754537597234,0.3591063829787234,0","0.9488329887390137,0.09644164943695069,0.08,0.0",0.5393628124405915
"1.2460050582885742,0.05807926829268294,0.012777439024390245,-0.2449786631268641","1.2460050582885742,0.4711754537597234,0.3591063829787234,0","1.2460050582885742,0.11130025291442872,0.08,0.0",0.5390660403586403
"1.5487349033355713,0.05807926829268294,0.012777439024390245,-0.25877089196369757","1.5487349033355713,0.4720397579948142,0.3591063829787234,0","1.5487349033355713,0.12643674516677858,0.08,0.0",0.5397286581745979
"1.8442938327789307,0.05807926829268294,0.012777439024390245,-0.2449786631268641","1.8442938327789307,0.4720397579948142,0.3599574468085106,0","1.8442938327789307,0.14121469163894654,0.08,0.0",0.5402751566002366
"2.1741299629211426,0.05769207317073172,0.012777439024390245,-0.2516899717581867","2.1741299629211426,0.4711754537597234,0.3591063829787234,0","2.1741299629211426,0.15770649814605714,0.08,0.0",0.5393628124405915
"2.5372490882873535,0.05769207317073172,0.012777439024390245,-0.2516899717581867","2.5372490882873535,0.4720397579948142,0.3591063829787234,0","2.5372490882873535,0.17540495745340984,0.08,0.0",0.5400256858146664
