Robot,Fish,Desired,Distances
"0.16962528228759766,0.002747623163353502,0.014042553191489393,-0.24799158043635344","0.16962528228759766,0.4681754537597234,0.3561063829787234,0","0.16962528228759766,0.058481264114379886,0.08,0.0",0.5776077640945912
"0.586583137512207,0.002747623163353502,0.013617021276595781,-0.2213809815676444","0.586583137512207,0.4690397579948142,0.3561063829787234,0","0.586583137512207,0.07932915687561036,0.08,0.0",0.5785562357150875
"0.8911199569702148,0.002315471045808124,0.013617021276595781,-0.21542256187961015","0.8911199569702148,0.4681754537597234,0.3561063829787234,0","0.8911199569702148,0.09358559799194337,0.08,0.0",0.5782079957708474
"1.2221200466156006,0.0018833189282627498,0.014042553191489393,-0.2479915804363534","1.2221200466156006,0.4681754537597234,0.3561063829787234,0","1.2221200466156006,0.11010600233078004,0.08,0.0",0.5783044342337268
"1.5499191284179688,0.0023154710458081276,0.013617021276595781,-0.22767251676590214","1.5499191284179688,0.4681754537597234,0.3561063829787234,0","1.5499191284179688,0.12649595642089845,0.08,0.0",0.5782079957708474
"1.8794071674346924,0.002315471045808124,0.014042553191489393,-0.24137092210262895","1.8794071674346924,0.4690397579948142,0.3561063829787234,0","1.8794071674346924,0.1429703583717346,0.08,0.0",0.5786529388819933
"2.2029709815979004,0.002315471045808124,0.014042553191489393,-0.24137092210262895","2.2029709815979004,0.4681754537597234,0.3561063829787234,0","2.2029709815979004,0.159148549079895,0.08,0.0",0.5779560425697782
