Robot,Fish,Desired,Distances
"0.16542387008666992,0.055315471045808126,0.014042553191489393,-0.24137092210262895","0.16542387008666992,0.5220397579948142,0.3699574468085106,0","0.16542387008666992,0.0582711935043335,0.08,0.0",0.5869471624656463
"0.6409590244293213,0.0557476231633535,0.014042553191489393,-0.24799158043635344","0.6409590244293213,0.5203111495246326,0.3691063829787234,0","0.6409590244293213,0.081911421140035,0.08,0.0",0.5847132572880529
"0.9568469524383545,0.0557476231633535,0.014042553191489393,-0.24799158043635344","0.9568469524383545,0.5211754537597234,0.3691063829787234,0","0.9568469524383545,0.09684234762191773,0.08,0.0",0.5854001953508566
"1.3140828609466553,0.0557476231633535,0.014042553191489393,-0.24799158043635344","1.3140828609466553,0.5220397579948142,0.3691063829787234,0","1.3140828609466553,0.11470414304733277,0.08,0.0",0.5860876028622846
"1.6196069717407227,0.055315471045808126,0.013617021276595781,-0.22767251676590214","1.6196069717407227,0.5211754537597234,0.3691063829787234,0","1.6196069717407227,0.12998034858703614,0.08,0.0",0.5860018854727308
"1.9527759552001953,0.055315471045808126,0.014042553191489393,-0.2549775661409399","1.9527759552001953,0.5229040622299049,0.3691063829787234,0","1.9527759552001953,0.14663879776000976,0.08,0.0",0.5871195907382978
"2.302164077758789,0.055315471045808126,0.014042553191489393,-0.24137092210262895","2.302164077758789,0.5211754537597234,0.3691063829787234,0","2.302164077758789,0.16410820388793945,0.08,0.0",0.585743840528765
"2.5978729724884033,0.0557476231633535,0.014042553191489393,-0.24799158043635344","2.5978729724884033,0.5211754537597234,0.3691063829787234,0","2.5978729724884033,0.17823407204945882,0.08,0.0",0.5854001953508566
"2.89654803276062,0.054883318928262745,0.014042553191489393,-0.2479915804363534","2.89654803276062,0.5211754537597234,0.36825531914893617,0","2.89654803276062,0.192827401638031,0.08,0.0",0.5855724025028042
