Robot,Fish,Desired,Distances
"0.1675872802734375,0.002315471045808124,0.014042553191489393,-0.24137092210262895","0.1675872802734375,0.4690397579948142,0.2561063829787234,0","0.1675872802734375,0.05837936401367188,0.08,0.0",0.5257627389986106
"0.5664072036743164,0.002747623163353502,0.014042553191489393,-0.24799158043635344","0.5664072036743164,0.4681754537597234,0.2569574468085106,0","0.5664072036743164,0.07832036018371583,0.08,0.0",0.5250054390524083
"0.8870232105255127,0.002315471045808124,0.014042553191489393,-0.24137092210262895","0.8870232105255127,0.4681754537597234,0.2552553191489362,0","0.8870232105255127,0.0933944164911906,0.08,0.0",0.5246037761540145
