Robot,Fish,Desired,Distances
"0.15441203117370605,0.002747623163353502,0.013617021276595781,-0.2213809815676444","0.15441203117370605,0.4690397579948142,0.3561063829787234,0","0.15441203117370605,0.0577206015586853,0.08,0.0",0.5785562357150875
"0.5058591365814209,0.002315471045808124,0.014042553191489393,-0.24137092210262895","0.5058591365814209,0.4681754537597234,0.3561063829787234,0","0.5058591365814209,0.07529295682907106,0.08,0.0",0.5779560425697782
"0.8232290744781494,0.0018833189282627498,0.014042553191489393,-0.2479915804363534","0.8232290744781494,0.4690397579948142,0.3561063829787234,0","0.8232290744781494,0.0904173568089803,0.08,0.0",0.5790015563105597
"1.1500232219696045,0.002747623163353502,0.014042553191489393,-0.24799158043635344","1.1500232219696045,0.4690397579948142,0.3561063829787234,0","1.1500232219696045,0.10650116109848023,0.08,0.0",0.5783044342337269
"1.4925181865692139,0.0023154710458081276,0.014042553191489393,-0.2549775661409399","1.4925181865692139,0.4690397579948142,0.3561063829787234,0","1.4925181865692139,0.12362590932846071,0.08,0.0",0.5786529388819933
"1.8077659606933594,0.002315471045808124,0.014042553191489393,-0.24137092210262895","1.8077659606933594,0.4681754537597234,0.3561063829787234,0","1.8077659606933594,0.13938829803466796,0.08,0.0",0.5779560425697782
"2.1409780979156494,0.0023154710458081276,0.013617021276595781,-0.22767251676590214","2.1409780979156494,0.4681754537597234,0.3561063829787234,0","2.1409780979156494,0.15604890489578246,0.08,0.0",0.5782079957708474
