Robot,Fish,Desired,Distances
"0.16306686401367188,0.002315471045808124,0.0038297872340425504,-0.039639980971134255","0.16306686401367188,0.4681754537597234,0.3321063829787234,0","0.16306686401367188,0.0581533432006836,0.08,0.0",0.5699044190107022
"0.5525131225585938,0.002747623163353502,0.0038297872340425504,-0.040771314554440725","0.5525131225585938,0.4690397579948142,0.3321063829787234,0","0.5525131225585938,0.0776256561279297,0.08,0.0",0.5702577297322657
"0.8556079864501953,0.002315471045808124,0.0038297872340425504,-0.039639980971134255","0.8556079864501953,0.4681754537597234,0.3321063829787234,0","0.8556079864501953,0.09192837270100912,0.08,0.0",0.5699044190107022
"1.1818790435791016,0.002315471045808124,0.003404255319148935,-0.012307889117327712","1.1818790435791016,0.4681754537597234,0.3321063829787234,0","1.1818790435791016,0.10809395217895508,0.08,0.0",0.5701496402017111
"1.4788920879364014,0.002747623163353502,0.0038297872340425504,-0.040771314554440725","1.4788920879364014,0.4681754537597234,0.3321063829787234,0","1.4788920879364014,0.12294460439682008,0.08,0.0",0.5695512170185926
"1.7782881259918213,0.002747623163353502,0.0038297872340425504,-0.040771314554440725","1.7782881259918213,0.4681754537597234,0.3312553191489362,0","1.7782881259918213,0.13791440629959106,0.08,0.0",0.5690611078288467
