Robot,Fish,Desired,Distances
"0.16040396690368652,0.0023154710458081276,0.3544042553191489,0.22767251676590214","0.16040396690368652,0.4681754537597234,0.3561063829787234,0","0.16040396690368652,0.05802019834518433,0.08,0.0",0.4658630922629296
"0.5863409042358398,0.0018833189282627498,0.3539787234042553,0.2479915804363534","0.5863409042358398,0.4681754537597234,0.35525531914893616,0","0.5863409042358398,0.079317045211792,0.08,0.0",0.4662938823342811
"0.8927099704742432,0.0018833189282627498,0.3544042553191489,0.22138098156764435","0.8927099704742432,0.4690397579948142,0.3561063829787234,0","0.8927099704742432,0.09365979862213135,0.08,0.0",0.4671595399859774
"1.2160639762878418,0.002747623163353502,0.3539787234042553,0.24799158043635344","1.2160639762878418,0.46731114952463265,0.35525531914893616,0","1.2160639762878418,0.10980319881439209,0.08,0.0",0.4645652803664112
"1.5466718673706055,0.0023154710458081276,0.3544042553191489,0.22767251676590214","1.5466718673706055,0.4690397579948142,0.3561063829787234,0","1.5466718673706055,0.12633359336853028,0.08,0.0",0.46672739073963465
