Robot,Fish,Desired,Distances
"0.15767288208007812,0.0018833189282627498,0.1330212765957447,-0.2479915804363534","0.15767288208007812,0.4681754537597234,0.1308936170212766,0","0.15767288208007812,0.05788359642028809,0.08,0.0",0.4662969889897916
"0.5260047912597656,0.002315471045808124,0.1330212765957447,-0.24137092210262895","0.5260047912597656,0.4681754537597234,0.1308936170212766,0","0.5260047912597656,0.07630019187927246,0.08,0.0",0.4658648413751291
"0.8626577854156494,0.002747623163353502,0.13259574468085109,-0.2213809815676444","0.8626577854156494,0.4681754537597234,0.13174468085106383,0","0.8626577854156494,0.09225731881459555,0.08,0.0",0.465428608707378
"1.1826298236846924,0.002747623163353502,0.1330212765957447,-0.24799158043635344","1.1826298236846924,0.46731114952463265,0.13174468085106383,0","1.1826298236846924,0.1081314435005188,0.08,0.0",0.4645652803664112
"1.5171177387237549,0.002747623163353502,0.1330212765957447,-0.24799158043635344","1.5171177387237549,0.4681754537597234,0.1308936170212766,0","1.5171177387237549,0.12485583925247193,0.08,0.0",0.4654326937688284
"1.8449149131774902,0.002747623163353502,0.1330212765957447,-0.24799158043635344","1.8449149131774902,0.4681754537597234,0.1308936170212766,0","1.8449149131774902,0.14124569797515868,0.08,0.0",0.4654326937688284
"2.1744048595428467,0.0023154710458081276,0.1330212765957447,-0.2549775661409399","2.1744048595428467,0.4681754537597234,0.1308936170212766,0","2.1744048595428467,0.1577201952934265,0.08,0.0",0.4658648413751291
"2.5387048721313477,0.002747623163353502,0.13259574468085109,-0.2213809815676444","2.5387048721313477,0.4681754537597234,0.1308936170212766,0","2.5387048721313477,0.1754728495279948,0.08,0.0",0.4654309430325972
