Robot,Fish,Desired,Distances
"0.16864395141601562,0.002315471045808124,0.013617021276595809,-0.21542256187960845","0.16864395141601562,0.46731114952463265,0.2682553191489362,0","0.16864395141601562,0.05843219757080079,0.08,0.0",0.5301524721693799
"0.5549831390380859,0.0018833189282627498,0.014042553191489449,-0.2479915804363534","0.5549831390380859,0.4681754537597234,0.26910638297872336,0","0.5549831390380859,0.0777491569519043,0.08,0.0",0.531494037851237
"0.9021129608154297,0.0018833189282627498,0.014042553191489449,-0.2479915804363534","0.9021129608154297,0.4681754537597234,0.26910638297872336,0","0.9021129608154297,0.09410564804077148,0.08,0.0",0.531494037851237
"1.211846113204956,0.0023154710458081276,0.013617021276595809,-0.22767251676590033","1.211846113204956,0.4681754537597234,0.26910638297872336,0","1.211846113204956,0.1095923056602478,0.08,0.0",0.5313194306979276
