Robot,Fish,Desired,Distances
"0.16321206092834473,0.002747623163353502,0.02461702127659575,-0.2479915804363543","0.16321206092834473,0.4681754537597234,0.3561063829787234,0","0.16321206092834473,0.058160603046417236,0.08,0.0",0.5714090149930496
"0.5429291725158691,0.002315471045808124,0.02461702127659575,-0.24137092210262978","0.5429291725158691,0.4681754537597234,0.3561063829787234,0","0.5429291725158691,0.07714645862579346,0.08,0.0",0.5717610693426874
"0.8512251377105713,0.0018833189282627498,0.02461702127659575,-0.24799158043635425","0.8512251377105713,0.4690397579948142,0.3561063829787234,0","0.8512251377105713,0.09172383975982666,0.08,0.0",0.5728178903307967
"1.149064064025879,0.0018833189282627498,0.02461702127659575,-0.24799158043635425","1.149064064025879,0.4690397579948142,0.3561063829787234,0","1.149064064025879,0.10645320320129395,0.08,0.0",0.5728178903307967
"1.4853332042694092,0.0023154710458081276,0.02461702127659575,-0.2549775661409408","1.4853332042694092,0.4681754537597234,0.3561063829787234,0","1.4853332042694092,0.12326666021347046,0.08,0.0",0.5717610693426874
"1.807281255722046,0.0023154710458081276,0.02461702127659575,-0.2549775661409408","1.807281255722046,0.46731114952463265,0.35525531914893616,0","1.807281255722046,0.1393640627861023,0.08,0.0",0.5705634627487997
"2.1061460971832275,0.002747623163353502,0.02461702127659575,-0.2479915804363543","2.1061460971832275,0.4681754537597234,0.35525531914893616,0","2.1061460971832275,0.15430730485916136,0.08,0.0",0.5709157113914117
